{"cameraMode":{"drawMode":0,"name":"Shaded","section":"Shading Mode"},"sceneLighting":true,"audioPlay":false,"sceneViewState":{"showFog":true,"showMaterialUpdate":false,"showSkybox":true,"showFlares":true,"showImageEffects":true,"showParticleSystems":true},"in2DMode":false,"pivot":{"x":-6.123718738555908,"y":-0.6375491619110107,"z":-1.2412943840026856},"rotation":{"x":-0.07581241428852081,"y":0.7696386575698853,"z":-0.09304377436637879,"w":-0.6270996928215027},"size":5.385622978210449,"orthographic":false}