{"cameraMode":{"drawMode":0,"name":"Shaded","section":"Shading Mode"},"sceneLighting":true,"audioPlay":false,"sceneViewState":{"showFog":true,"showMaterialUpdate":false,"showSkybox":true,"showFlares":true,"showImageEffects":true,"showParticleSystems":true},"in2DMode":false,"pivot":{"x":565.0699462890625,"y":237.85537719726563,"z":-9.618592262268067},"rotation":{"x":-0.20853905379772187,"y":-0.12373372167348862,"z":0.026608189567923547,"w":-0.969792366027832},"size":58.1372184753418,"orthographic":false}